id,rank,peak,elev,prom,range,lat,lon,overview,len,time,len_num,diff,trail
2,2,Adams,5774,804,Presidential,44.3203,-71.2909,Here's where I totally wanted to add some cool extra info about each mountain but didn't want to plagiarize the interwebz.  I've only hiked 15 so far so I'll add more as I check them off in the future!,10 miles w/ Mt Madison,8:20,10,Difficult,"<iframe src=""https://www.google.com/maps/embed?pb=!1m26!1m12!1m3!1d45692.85213238655!2d-71.30809541281457!3d44.29343477318593!2m3!1f0!2f0!3f0!3m2!1i1024!2i768!4f13.1!4m11!3e2!4m3!3m2!1d44.2572524!2d-71.2532294!4m5!1s0x4cb38cfb4d152e9d%3A0xd1d9c7b8771501e6!2sMt+Adams%2C+Thompson+and+Meserve&#39;s+Purchase%2C+NH+03593!3m2!1d44.3203412!2d-71.290909!5e0!3m2!1sen!2sus!4v1462567221667"" width=""400"" height=""300"" frameborder=""0"" style=""border:0"" allowfullscreen></iframe>"
14,14,Bond,4698,299,Twin/Pemigewasset Wilderness,44.1528,-71.5312,Here's where I totally wanted to add some cool extra info about each mountain but didn't want to plagiarize the interwebz.  I've only hiked 15 so far so I'll add more as I check them off in the future!,22.6 miles w/ West Bond & Bondcliff,8:25,22.6,Moderate/Difficult,"<iframe src=""https://www.google.com/maps/embed?pb=!1m28!1m12!1m3!1d64826.16049184774!2d-71.58646788714643!3d44.10525878710274!2m3!1f0!2f0!3f0!3m2!1i1024!2i768!4f13.1!4m13!3e2!4m5!1s0x4cb37fb6132ca695%3A0x1bc11a2f5faca4d0!2sLincoln+Woods+Visitor+Information+Center+%26+Trail+Head%2C+Lincoln%2C+NH+03251!3m2!1d44.063398199999995!2d-71.5888046!4m5!1s0x4cb380b7e35388d7%3A0x26343504872f8519!2sMt+Bond%2C+Lincoln%2C+NH+03251!3m2!1d44.152843499999996!2d-71.5311904!5e0!3m2!1sen!2sus!4v1462567448996"" width=""400"" height=""300"" frameborder=""0"" style=""border:0"" allowfullscreen></iframe>"
30,30,Bondcliff,4265,299,Twin/Pemigewasset Wilderness,44.140653,-71.540616,Here's where I totally wanted to add some cool extra info about each mountain but didn't want to plagiarize the interwebz.  I've only hiked 15 so far so I'll add more as I check them off in the future!,22.6 miles w/ Bond & West Bond,4:10,22.6,Moderate/Difficult,"<iframe src=""https://www.google.com/maps/embed?pb=!1m26!1m12!1m3!1d91682.6902427771!2d-71.65818490700259!3d44.102257250244286!2m3!1f0!2f0!3f0!3m2!1i1024!2i768!4f13.1!4m11!3e2!4m3!3m2!1d44.044367099999995!2d-71.6830791!4m5!1s0x4cb380b7e35388d7%3A0x26343504872f8519!2sMt+Bond%2C+Lincoln%2C+NH+03251!3m2!1d44.152843499999996!2d-71.5311904!5e0!3m2!1sen!2sus!4v1462572481550"" width=""400"" height=""300"" frameborder=""0"" style=""border:0"" allowfullscreen></iframe>"
33,33,Cabot,4170,2674,Pilot,44.5062,-71.4156,Here's where I totally wanted to add some cool extra info about each mountain but didn't want to plagiarize the interwebz.  I've only hiked 15 so far so I'll add more as I check them off in the future!,11.5 miles,7:30,11.5,Easy/ Moderate,"<iframe src=""https://www.google.com/maps/embed?pb=!1m26!1m12!1m3!1d91072.84813053416!2d-71.39965058795453!3d44.494123726126205!2m3!1f0!2f0!3f0!3m2!1i1024!2i768!4f13.1!4m11!3e2!4m3!3m2!1d44.5451695!2d-71.2756936!4m5!1s0x4cb408b77d05c815%3A0x5f5af786d5a88ea6!2sMt+Cabot!3m2!1d44.5061682!2d-71.4156364!5e0!3m2!1sen!2sus!4v1462567700917"" width=""400"" height=""300"" frameborder=""0"" style=""border:0"" allowfullscreen></iframe>"
36,36,Cannon,4100,740,Kinsman,44.1782,-71.701,"This was our first over-night backpacking trip!  Adding 40 pounds of pack to yourself and then trying to climb mountains made this one SIGNIFICANTLY harder than others, duh.  I think we will have to get better with packing our gear!",4 miles or 5.6 miles,7:30,4,Moderate/Difficult,"<iframe src=""https://www.google.com/maps/embed?pb=!1m26!1m12!1m3!1d22907.564036003758!2d-71.72895633566615!3d44.136058186298456!2m3!1f0!2f0!3f0!3m2!1i1024!2i768!4f13.1!4m11!3e2!4m3!3m2!1d44.1423778!2d-71.6835167!4m5!1s0x4cb47d783eaf015f%3A0x17b845914e17d112!2sKinsman+Mountain%2C+Lincoln%2C+NH+03580!3m2!1d44.1286761!2d-71.73647319999999!5e0!3m2!1sen!2sus!4v1462567982644"" width=""400"" height=""300"" frameborder=""0"" style=""border:0"" allowfullscreen></iframe>"
13,13,Carrigain,4700,2240,Pemigewasset Wilderness,44.9045,-71.4474,Here's where I totally wanted to add some cool extra info about each mountain but didn't want to plagiarize the interwebz.  I've only hiked 15 so far so I'll add more as I check them off in the future!,10 miles,8:20,10,Easy/ Moderate,"<iframe src=""https://www.google.com/maps/embed?pb=!1m26!1m12!1m3!1d32428.261726945188!2d-71.43722882510787!3d44.07756444599803!2m3!1f0!2f0!3f0!3m2!1i1024!2i768!4f13.1!4m11!3e2!4m3!3m2!1d44.0698177!2d-71.384147!4m5!1s0x4cb3825ce2136485%3A0xa4b370aa16c4871a!2sMt+Carrigain%2C+New+Hampshire!3m2!1d44.0944912!2d-71.44735949999999!5e0!3m2!1sen!2sus!4v1462568093929"" width=""400"" height=""300"" frameborder=""0"" style=""border:0"" allowfullscreen></iframe>"
9,9,Carter Dome,4832,2830,Carter-Moriah Range,44.2673,-71.179,Here's where I totally wanted to add some cool extra info about each mountain but didn't want to plagiarize the interwebz.  I've only hiked 15 so far so I'll add more as I check them off in the future!,10 miles,5:50,10,Moderate,"<iframe src=""https://www.google.com/maps/embed?pb=!1m26!1m12!1m3!1d45722.05513250915!2d-71.25109534486366!3d44.25588907632016!2m3!1f0!2f0!3f0!3m2!1i1024!2i768!4f13.1!4m11!3e2!4m3!3m2!1d44.2458445!2d-71.25323589999999!4m5!1s0x4cb393e9695ef55d%3A0xfb6ef39417279b8!2sCarter+Dome%2C+Bean&#39;s+Purchase%2C+NH!3m2!1d44.2672877!2d-71.1789625!5e0!3m2!1sen!2sus!4v1462569637839"" width=""400"" height=""300"" frameborder=""0"" style=""border:0"" allowfullscreen></iframe>"
34,34,East Osceola,4156,316,Sandwich,44.0057,-71.5202,Here's where I totally wanted to add some cool extra info about each mountain but didn't want to plagiarize the interwebz.  I've only hiked 15 so far so I'll add more as I check them off in the future!,8.4 & 7.6m miles w/ Osceola,6:20,8.4,Easy/ Moderate,"<iframe src=""https://www.google.com/maps/embed?pb=!1m26!1m12!1m3!1d32464.257403743573!2d-71.54800784032442!3d44.01184513534573!2m3!1f0!2f0!3f0!3m2!1i1024!2i768!4f13.1!4m11!3e2!4m3!3m2!1d44.0296252!2d-71.520099!4m5!1s0x4cb37bde47bd42e7%3A0xa38f0897813f791b!2sEast+Osceola%2C+Livermore%2C+NH+03251!3m2!1d44.0057032!2d-71.5201592!5e0!3m2!1sen!2sus!4v1462568260955"" width=""400"" height=""300"" frameborder=""0"" style=""border:0"" allowfullscreen></iframe>"
11,11,Eisenhower,4780,350,Presidential,44.2403,-71.3504,Here's where I totally wanted to add some cool extra info about each mountain but didn't want to plagiarize the interwebz.  I've only hiked 15 so far so I'll add more as I check them off in the future!,10.4 miles w/ Pierce or 6.6 alone,9:20,10.4,Moderate,"<iframe src=""https://www.google.com/maps/embed?pb=!1m26!1m12!1m3!1d22953.21296875453!2d-71.54956709260746!3d44.01826121303808!2m3!1f0!2f0!3f0!3m2!1i1024!2i768!4f13.1!4m11!3e2!4m3!3m2!1d44.0296252!2d-71.520099!4m5!1s0x4cb37bef8e461787%3A0xe109b2eb189804b9!2sMount+Osceola%2C+Livermore%2C+NH!3m2!1d44.0014572!2d-71.5359105!5e0!3m2!1sen!2sus!4v1462568298641"" width=""400"" height=""300"" frameborder=""0"" style=""border:0"" allowfullscreen></iframe>"
23,23,Field,4340,1706,Willey,44.1962,-71.4345,"Peak bagged Field with Willey and Tom.  This was a long but beautiful day hike featuring gorgeous views, and of course the Gray Jays eating out of our palms!",11.2 miles w/ Willey & Tom,9:20,11.2,Easy/ Moderate,"<iframe src=""https://www.google.com/maps/embed?pb=!1m26!1m12!1m3!1d16178.870168938536!2d-71.43478068153608!3d44.20609421042104!2m3!1f0!2f0!3f0!3m2!1i1024!2i768!4f13.1!4m11!3e2!4m3!3m2!1d44.2173394!2d-71.4106524!4m5!1s0x4cb3866e209fe2e1%3A0x1feaa955a25ef709!2sMt+Field%2C+Bethlehem%2C+NH!3m2!1d44.196176799999996!2d-71.4345218!5e0!3m2!1sen!2sus!4v1462568493702"" width=""400"" height=""300"" frameborder=""0"" style=""border:0"" allowfullscreen></iframe>"
25,25,Flume,4328,408,Franconia/ Pemigewasset Wilderness,44.109,-71.6279,Hiked this with Liberty.  Thought I was going to die on the Flume Slide Trail!  Do not underestimate the slippery rock face of this guy… rewarding at the top though!,10.1 miles w/ Liberty or 7.8 alone,7:55,10.1,Difficult,"<iframe src=""https://www.google.com/maps/embed?pb=!1m26!1m12!1m3!1d19273.726216855932!2d-71.66697936826796!3d44.1028252443452!2m3!1f0!2f0!3f0!3m2!1i1024!2i768!4f13.1!4m11!3e2!4m3!3m2!1d44.0977578!2d-71.6816312!4m5!1s0x4cb47fd085e2f615%3A0xe055ad937b54948e!2sMt+Flume%2C+Lincoln%2C+NH+03251!3m2!1d44.1089549!2d-71.6278588!5e0!3m2!1sen!2sus!4v1462568564089"" width=""400"" height=""300"" frameborder=""0"" style=""border:0"" allowfullscreen></iframe>"
44,44,Galehead,4024,264,Twin/ Pemigewasset Wilderness,44.1853,-71.5737,Here's where I totally wanted to add some cool extra info about each mountain but didn't want to plagiarize the interwebz.  I've only hiked 15 so far so I'll add more as I check them off in the future!,10.2 miles,5:00,10.2,Moderate,"<iframe src=""https://www.google.com/maps/embed?pb=!1m26!1m12!1m3!1d91521.5646588173!2d-71.64214187738428!3d44.20605933101492!2m3!1f0!2f0!3f0!3m2!1i1024!2i768!4f13.1!4m11!3e2!4m3!3m2!1d44.264628699999996!2d-71.5759819!4m5!1s0x4cb478c302a9d3c3%3A0x1c782395a907329c!2sGalehead+Mountain%2C+Franconia%2C+NH+03251!3m2!1d44.1853427!2d-71.5736921!5e0!3m2!1sen!2sus!4v1462568642120"" width=""400"" height=""300"" frameborder=""0"" style=""border:0"" allowfullscreen></iframe>"
17,17,Garfield,4500,820,Franconia/ Pemigewasset Wilderness,44.187,-71.6109,"While a relatively easy hike, this was quite long for just a one peak trip - 10 miles round trip.  The views were AMAZING though and it was such a beautiful day.  We have some great photos!",10 miles,2:18,10,Easy,"<iframe src=""https://www.google.com/maps/embed?pb=!1m26!1m12!1m3!1d38473.47693072507!2d-71.65089340395853!3d44.21616318931121!2m3!1f0!2f0!3f0!3m2!1i1024!2i768!4f13.1!4m11!3e2!4m3!3m2!1d44.2439293!2d-71.63857569999999!4m5!1s0x4cb4793909147b0f%3A0x9ae8101a16722572!2sMt+Garfield%2C+Franconia%2C+NH+03251!3m2!1d44.1870091!2d-71.6109154!5e0!3m2!1sen!2sus!4v1462568675614"" width=""400"" height=""300"" frameborder=""0"" style=""border:0"" allowfullscreen></iframe>"
37,37,Hale,4054,614,Twin/Pemigewasset Wilderness,44.2217,-71.512,Here's where I totally wanted to add some cool extra info about each mountain but didn't want to plagiarize the interwebz.  I've only hiked 15 so far so I'll add more as I check them off in the future!,4.6 miles,2:36,4.6,Easy,"<iframe src=""https://www.google.com/maps/embed?pb=!1m26!1m12!1m3!1d38460.62004015228!2d-71.56687708341751!3d44.2358377375145!2m3!1f0!2f0!3f0!3m2!1i1024!2i768!4f13.1!4m11!3e2!4m3!3m2!1d44.2589475!2d-71.5834414!4m5!1s0x4cb47809d98b3e29%3A0xba2129b56958f8bc!2sMt+Hale%2C+Bethlehem%2C+NH+03583!3m2!1d44.221731399999996!2d-71.51202409999999!5e0!3m2!1sen!2sus!4v1462568716363"" width=""400"" height=""300"" frameborder=""0"" style=""border:0"" allowfullscreen></iframe>"
21,21,Hancock,4420,1247,Pemigewasset Wilderness,44.0837,-71.4937,This was a long day hike with South Hancock.  We were still beginners at this stage so we were feelin pretty good about ourselves after another 10 mile hike!,9.8 miles w/ South Hancock,3:36,9.8,Easy/ Moderate,"<iframe src=""https://www.google.com/maps/embed?pb=!1m26!1m12!1m3!1d54524.56767040083!2d-71.57070435175719!3d44.09172177884956!2m3!1f0!2f0!3f0!3m2!1i1024!2i768!4f13.1!4m11!3e2!4m3!3m2!1d44.0626266!2d-71.58823509999999!4m5!1s0x4cb382019be4398b%3A0xb8c88c1ef119c02e!2sMt+Hancock%2C+Lincoln%2C+NH+03251!3m2!1d44.0836782!2d-71.49368849999999!5e0!3m2!1sen!2sus!4v1462568793654"" width=""400"" height=""300"" frameborder=""0"" style=""border:0"" allowfullscreen></iframe>"
47,47,Isolation,4004,203,Presidential,44.2148,-71.3092,Here's where I totally wanted to add some cool extra info about each mountain but didn't want to plagiarize the interwebz.  I've only hiked 15 so far so I'll add more as I check them off in the future!,12 miles,6:42,12,Moderate,"<iframe src=""https://www.google.com/maps/embed?pb=!1m26!1m12!1m3!1d27209.296805178634!2d-71.29954029115318!3d44.20655111321017!2m3!1f0!2f0!3f0!3m2!1i1024!2i768!4f13.1!4m11!3e2!4m3!3m2!1d44.2040438!2d-71.2394915!4m5!1s0x4cb38fe69902e47b%3A0x6e0109f1d1834c2f!2sMt+Isolation%2C+Sargent&#39;s+Purchase%2C+NH+03846!3m2!1d44.2147886!2d-71.30924139999999!5e0!3m2!1sen!2sus!4v1462569220298"" width=""400"" height=""300"" frameborder=""0"" style=""border:0"" allowfullscreen></iframe>"
38,38,Jackson,4052,331,Presidential,44.2031,-71.3742,Another quick 5.5 up and back.  It did start to rain pretty hard during out hike that day making for slippery boulder climbing… met a bunch of AT hikers though so that was cool!,5.6 miles,5:50,5.6,Moderate,"<iframe src=""https://www.google.com/maps/embed?pb=!1m26!1m12!1m3!1d13604.690001635941!2d-71.3999344721048!3d44.206370998408396!2m3!1f0!2f0!3f0!3m2!1i1024!2i768!4f13.1!4m11!3e2!4m3!3m2!1d44.2140202!2d-71.4063958!4m5!1s0x4cb3858514aba7c5%3A0x30ea82656d39d13!2sMt+Jackson%2C+Bean&#39;s+Grant%2C+NH+03589!3m2!1d44.203121599999996!2d-71.37424279999999!5e0!3m2!1sen!2sus!4v1462569305402"" width=""400"" height=""300"" frameborder=""0"" style=""border:0"" allowfullscreen></iframe>"
3,3,Jefferson,5712,742,Presidential,44.3045,-71.3176,Here's where I totally wanted to add some cool extra info about each mountain but didn't want to plagiarize the interwebz.  I've only hiked 15 so far so I'll add more as I check them off in the future!,5 miles,4:54,5,Difficult,"<iframe src=""https://www.google.com/maps/embed?pb=!1m26!1m12!1m3!1d45705.05952575931!2d-71.31799055260264!3d44.27774304779175!2m3!1f0!2f0!3f0!3m2!1i1024!2i768!4f13.1!4m11!3e2!4m3!3m2!1d44.258063!2d-71.2516425!4m5!1s0x4cb38c431e1eca27%3A0x37445ad4d0214322!2sMt+Jefferson%2C+Thompson+and+Meserve&#39;s+Purchase%2C+NH+03593!3m2!1d44.304508299999995!2d-71.3175761!5e0!3m2!1sen!2sus!4v1462569387363"" width=""400"" height=""300"" frameborder=""0"" style=""border:0"" allowfullscreen></iframe>"
6,6,Lafayette,5260,3320,Franconia/ Pemigewasset Wilderness,44.1607,-71.6445,"Our first 4,000 footer!  The views from the top of this mountain are unbelievable!  This got us totally addicted to hiking and started it all!",9 miles w/ Lincoln,6:32,9,Difficult,"<iframe src=""https://www.google.com/maps/embed?pb=!1m26!1m12!1m3!1d22902.556158017243!2d-71.68131265429237!3d44.14896580621129!2m3!1f0!2f0!3f0!3m2!1i1024!2i768!4f13.1!4m11!3e2!4m3!3m2!1d44.1431009!2d-71.68304599999999!4m5!1s0x4cb47e97c1bc5d19%3A0x81a613deaf912efd!2sMt+Lafayette%2C+Franconia%2C+NH+03251!3m2!1d44.160661999999995!2d-71.6445066!5e0!3m2!1sen!2sus!4v1462569427433"" width=""400"" height=""300"" frameborder=""0"" style=""border:0"" allowfullscreen></iframe>"
18,18,Liberty,4459,379,Franconia/ Pemigewasset Wilderness,44.1159,-71.642,We hiked Liberty with Flume.  We started going up the Flume slide trail which was probably the most difficult trail we've done thus far…. Straight slippery rock face for more than a mile! Yikes!,10.1 miles w/ Flume or 6.4 alone,5:43,10.1,Moderate,"<iframe src=""https://www.google.com/maps/embed?pb=!1m26!1m12!1m3!1d16206.03909512408!2d-71.67540416949312!3d44.10708626983493!2m3!1f0!2f0!3f0!3m2!1i1024!2i768!4f13.1!4m11!3e2!4m3!3m2!1d44.0967748!2d-71.6827481!4m5!1s0x4cb47e322ee09331%3A0x84369d6a77f6d343!2sMt+Liberty%2C+Lincoln%2C+NH+03251!3m2!1d44.1158991!2d-71.642026!5e0!3m2!1sen!2sus!4v1462569476104"" width=""400"" height=""300"" frameborder=""0"" style=""border:0"" allowfullscreen></iframe>"
7,7,Lincoln,5089,180,Franconia/ Pemigewasset Wilderness,44.149,-71.6445,Here's where I totally wanted to add some cool extra info about each mountain but didn't want to plagiarize the interwebz.  I've only hiked 15 so far so I'll add more as I check them off in the future!,9 miles w/ Lafayette,5:15,9,Difficult,"<iframe src=""https://www.google.com/maps/embed?pb=!1m26!1m12!1m3!1d22902.293292115064!2d-71.6747036912797!3d44.14964325058236!2m3!1f0!2f0!3f0!3m2!1i1024!2i768!4f13.1!4m11!3e2!4m3!3m2!1d44.1428432!2d-71.6822139!4m5!1s0x4cb47e8c5bf0d1b5%3A0x8836b5bd00cd1930!2sMt+Lincoln%2C+Franconia%2C+NH+03251!3m2!1d44.1489541!2d-71.6445267!5e0!3m2!1sen!2sus!4v1462569516701"" width=""400"" height=""300"" frameborder=""0"" style=""border:0"" allowfullscreen></iframe>"
5,5,Madison,5367,466,Presidential,44.3284,-71.2779,Here's where I totally wanted to add some cool extra info about each mountain but didn't want to plagiarize the interwebz.  I've only hiked 15 so far so I'll add more as I check them off in the future!,10 miles w/ Adams or 7.8 alone,4:54,10,Difficult,"<iframe src=""https://www.google.com/maps/embed?pb=!1m26!1m12!1m3!1d45692.82990813256!2d-71.28239259453986!3d44.29346333684725!2m3!1f0!2f0!3f0!3m2!1i1024!2i768!4f13.1!4m11!3e2!4m3!3m2!1d44.2567595!2d-71.2523207!4m5!1s0x4cb38cdff7bc2619%3A0x61980ccfba8e4174!2sMt+Madison%2C+Low+and+Burbank&#39;s+Grant%2C+NH+03593!3m2!1d44.328396399999995!2d-71.2778533!5e0!3m2!1sen!2sus!4v1462569552476"" width=""400"" height=""300"" frameborder=""0"" style=""border:0"" allowfullscreen></iframe>"
15,15,Middle Carter,4610,720,Carter-Moriah Range,44.3031,-71.1673,Here's where I totally wanted to add some cool extra info about each mountain but didn't want to plagiarize the interwebz.  I've only hiked 15 so far so I'll add more as I check them off in the future!,12.4 miles w/ South Carter or 10.2 alone,5:43,10.9,Moderate,"<iframe src=""https://www.google.com/maps/embed?pb=!1m26!1m12!1m3!1d45710.09619790227!2d-71.2353532120844!3d44.271267483920525!2m3!1f0!2f0!3f0!3m2!1i1024!2i768!4f13.1!4m11!3e2!4m3!3m2!1d44.2458445!2d-71.25323589999999!4m5!1s0x4cb39311422c3cc1%3A0xd58241c5c1e5a7e9!2sMiddle+Carter+Mountain%2C+Bean&#39;s+Purchase%2C+NH+03846!3m2!1d44.3031199!2d-71.1672964!5e0!3m2!1sen!2sus!4v1462569586020"" width=""400"" height=""300"" frameborder=""0"" style=""border:0"" allowfullscreen></iframe>"
35,35,Middle Tripyramid,4140,1320,Sandwich,43.964662,-71.440101,Here's where I totally wanted to add some cool extra info about each mountain but didn't want to plagiarize the interwebz.  I've only hiked 15 so far so I'll add more as I check them off in the future!,11 miles w/ North Tripyramid,6:32,11,Moderate/Difficult,"<iframe src=""https://www.google.com/maps/embed?pb=!1m26!1m12!1m3!1d64978.77773173952!2d-71.52404164773735!3d43.965914936924555!2m3!1f0!2f0!3f0!3m2!1i1024!2i768!4f13.1!4m11!3e2!4m3!3m2!1d43.9655985!2d-71.5150589!4m5!1s0x4cb370ed341a04fd%3A0xa8f300efc602d62c!2sMt+Tripyramid%2C+Waterville+Valley%2C+NH+03259!3m2!1d43.968402999999995!2d-71.4395194!5e0!3m2!1sen!2sus!4v1462569721946"" width=""400"" height=""300"" frameborder=""0"" style=""border:0"" allowfullscreen></iframe>"
4,4,Monroe,5384,254,Presidential,44.2556,-71.322,Here's where I totally wanted to add some cool extra info about each mountain but didn't want to plagiarize the interwebz.  I've only hiked 15 so far so I'll add more as I check them off in the future!,7 miles,6:32,7,Difficult,"<iframe src=""https://www.google.com/maps/embed?pb=!1m26!1m12!1m3!1d45736.42610997679!2d-71.40063850371108!3d44.237403333373734!2m3!1f0!2f0!3f0!3m2!1i1024!2i768!4f13.1!4m11!3e2!4m3!3m2!1d44.220221699999996!2d-71.4104581!4m5!1s0x4cb38e5ec018319f%3A0x550b41c5672a61b5!2sMt+Monroe%2C+Sargent&#39;s+Purchase%2C+NH+03846!3m2!1d44.2556211!2d-71.3220199!5e0!3m2!1sen!2sus!4v1462569776349"" width=""400"" height=""300"" frameborder=""0"" style=""border:0"" allowfullscreen></iframe>"
10,10,Moosilauke,4802,2933,Kinsman,44.0245,-71.8309,Here's where I totally wanted to add some cool extra info about each mountain but didn't want to plagiarize the interwebz.  I've only hiked 15 so far so I'll add more as I check them off in the future!,7.6 miles,6:40,7.6,Difficult,"<iframe src=""https://www.google.com/maps/embed?pb=!1m26!1m12!1m3!1d22947.79863882763!2d-71.82399950454122!3d44.03224596721488!2m3!1f0!2f0!3f0!3m2!1i1024!2i768!4f13.1!4m11!3e2!4m3!3m2!1d44.0393845!2d-71.7915616!4m5!1s0x4cb4859f9be4c3d1%3A0x5b36d34b5e98b392!2sMt+Moosilauke%2C+Benton%2C+NH+03785!3m2!1d44.024510899999996!2d-71.8309173!5e0!3m2!1sen!2sus!4v1462569808851"" width=""400"" height=""300"" frameborder=""0"" style=""border:0"" allowfullscreen></iframe>"
41,41,Moriah,4049,922,Carter-Moriah Range,44.3403,-71.1315,Here's where I totally wanted to add some cool extra info about each mountain but didn't want to plagiarize the interwebz.  I've only hiked 15 so far so I'll add more as I check them off in the future!,9 miles,6:56,9,Easy/Moderate,"<iframe src=""https://www.google.com/maps/embed?pb=!1m26!1m12!1m3!1d45632.337008872746!2d-71.14348895651936!3d44.37115768014289!2m3!1f0!2f0!3f0!3m2!1i1024!2i768!4f13.1!4m11!3e2!4m3!3m2!1d44.400516499999995!2d-71.1095117!4m5!1s0x4cb3ecbfdae6443f%3A0x182cd9b4c17111c2!2sMt+Moriah%2C+Bean&#39;s+Purchase%2C+NH+03846!3m2!1d44.3403408!2d-71.1314634!5e0!3m2!1sen!2sus!4v1462569845306"" width=""400"" height=""300"" frameborder=""0"" style=""border:0"" allowfullscreen></iframe>"
28,28,North Kinsman,4293,2240,Kinsman,44.133167,-71.736833,"We hiked this with Cannon and South Kinsman on our first backpacking trip.  These were brutal because of the ""Cannonballs"" - 3 or 4 steep up-and-down hills on the ridge in between Cannon and the Kinsmans.  Ouch!",11.2 miles w/ South Kinsman,6:48,11.2,Difficult,"<iframe src=""https://www.google.com/maps/embed?pb=!1m26!1m12!1m3!1d32401.321136444767!2d-71.74240417637863!3d44.1267004856687!2m3!1f0!2f0!3f0!3m2!1i1024!2i768!4f13.1!4m11!3e2!4m3!3m2!1d44.1430497!2d-71.682677!4m5!1s0x4cb47d81c851924b%3A0x6cb4b3e8615d18a2!2sKinsman+Mountain%2C+Lincoln%2C+NH+03580!3m2!1d44.123!2d-71.736667!5e0!3m2!1sen!2sus!4v1462569900731"" width=""400"" height=""300"" frameborder=""0"" style=""border:0"" allowfullscreen></iframe>"
32,32,North Tripyramid,4180,1320,Sandwich,43.973254,-71.442878,Here's where I totally wanted to add some cool extra info about each mountain but didn't want to plagiarize the interwebz.  I've only hiked 15 so far so I'll add more as I check them off in the future!,11 miles w/ Middle Tripyramid,8:00,11,Moderate/Difficult,"<iframe src=""https://www.google.com/maps/embed?pb=!1m26!1m12!1m3!1d32401.321136444767!2d-71.74240417637863!3d44.1267004856687!2m3!1f0!2f0!3f0!3m2!1i1024!2i768!4f13.1!4m11!3e2!4m3!3m2!1d44.1430497!2d-71.682677!4m5!1s0x4cb47d81c851924b%3A0x6cb4b3e8615d18a2!2sKinsman+Mountain%2C+Lincoln%2C+NH+03580!3m2!1d44.123!2d-71.736667!5e0!3m2!1sen!2sus!4v1462569900731"" width=""400"" height=""300"" frameborder=""0"" style=""border:0"" allowfullscreen></iframe>"
12,12,North Twin,4761,299,Twin/Pemigewasset Wilderness,44.2026,71.5579,Here's where I totally wanted to add some cool extra info about each mountain but didn't want to plagiarize the interwebz.  I've only hiked 15 so far so I'll add more as I check them off in the future!,11 miles w/ South Twin or 8.6 alone,3:44,11,Moderate,"<iframe src=""https://www.google.com/maps/embed?pb=!1m26!1m12!1m3!1d32401.321136444767!2d-71.74240417637863!3d44.1267004856687!2m3!1f0!2f0!3f0!3m2!1i1024!2i768!4f13.1!4m11!3e2!4m3!3m2!1d44.1430497!2d-71.682677!4m5!1s0x4cb47d81c851924b%3A0x6cb4b3e8615d18a2!2sKinsman+Mountain%2C+Lincoln%2C+NH+03580!3m2!1d44.123!2d-71.736667!5e0!3m2!1sen!2sus!4v1462569900731"" width=""400"" height=""300"" frameborder=""0"" style=""border:0"" allowfullscreen></iframe>"
24,24,Osceola,4340,200,Sandwich,44.0015,71.5359,Here's where I totally wanted to add some cool extra info about each mountain but didn't want to plagiarize the interwebz.  I've only hiked 15 so far so I'll add more as I check them off in the future!,8.4 & 7.6 miles w/ East Osceola,6:44,8.4,Easy/Moderate,"<iframe src=""https://www.google.com/maps/embed?pb=!1m26!1m12!1m3!1d45852.64062250929!2d-71.56451417818084!3d44.08768792165607!2m3!1f0!2f0!3f0!3m2!1i1024!2i768!4f13.1!4m11!3e2!4m3!3m2!1d44.0630382!2d-71.5888252!4m5!1s0x4cb382019be4398b%3A0xb8c88c1ef119c02e!2sMt+Hancock%2C+Lincoln%2C+NH+03251!3m2!1d44.0836782!2d-71.49368849999999!5e0!3m2!1sen!2sus!4v1462571391162"" width=""400"" height=""300"" frameborder=""0"" style=""border:0"" allowfullscreen></iframe>"
43,43,Owl's Head,4025,825,Pemigewasset Wilderness,44.1444,-71.605,Here's where I totally wanted to add some cool extra info about each mountain but didn't want to plagiarize the interwebz.  I've only hiked 15 so far so I'll add more as I check them off in the future!,18.2 miles,7:16,18.2,Moderate,"<iframe src=""https://www.google.com/maps/embed?pb=!1m26!1m12!1m3!1d64727.20481556124!2d-71.65802784859416!3d44.19542151848482!2m3!1f0!2f0!3f0!3m2!1i1024!2i768!4f13.1!4m11!3e2!4m3!3m2!1d44.243919899999995!2d-71.6398063!4m5!1s0x4cb47f0540281325%3A0xd5d8a2291168a1fe!2sOwl&#39;s+Head%2C+Franconia%2C+NH+03251!3m2!1d44.144444!2d-71.60499999999999!5e0!3m2!1sen!2sus!4v1462571549533"" width=""400"" height=""300"" frameborder=""0"" style=""border:0"" allowfullscreen></iframe>"
42,42,Passaconaway,4043,803,Sandwich,43.9548,-71.3815,Here's where I totally wanted to add some cool extra info about each mountain but didn't want to plagiarize the interwebz.  I've only hiked 15 so far so I'll add more as I check them off in the future!,11.4 miles w/ Whiteface or 8.4 alone,7:20,11.4,Moderate,"<iframe src=""https://www.google.com/maps/embed?pb=!1m26!1m12!1m3!1d32486.304033892662!2d-71.38640515651589!3d43.97155482269833!2m3!1f0!2f0!3f0!3m2!1i1024!2i768!4f13.1!4m11!3e2!4m3!3m2!1d43.996173399999996!2d-71.35130149999999!4m5!1s0x4cb3717a7d0a93c1%3A0x4c5997be8aa8eaab!2sMt+Passaconaway%2C+Waterville+Valley%2C+NH+03259!3m2!1d43.9547927!2d-71.38146259999999!5e0!3m2!1sen!2sus!4v1462571625623"" width=""400"" height=""300"" frameborder=""0"" style=""border:0"" allowfullscreen></iframe>"
27,27,Pierce,4310,235,Presidential,44.2265,-71.3659,Here's where I totally wanted to add some cool extra info about each mountain but didn't want to plagiarize the interwebz.  I've only hiked 15 so far so I'll add more as I check them off in the future!,6.2 miles,12:08,6.2,Moderate,"<iframe src=""https://www.google.com/maps/embed?pb=!1m26!1m12!1m3!1d16174.99313984489!2d-71.39924921088735!3d44.22020838416463!2m3!1f0!2f0!3f0!3m2!1i1024!2i768!4f13.1!4m11!3e2!4m3!3m2!1d44.2196199!2d-71.4102882!4m5!1s0x4cb38f6c8855a01f%3A0x42c7cc14aad5ff32!2sMt+Pierce%2C+Bean&#39;s+Grant%2C+NH+03589!3m2!1d44.2264547!2d-71.3659096!5e0!3m2!1sen!2sus!4v1462571697365"" width=""400"" height=""300"" frameborder=""0"" style=""border:0"" allowfullscreen></iframe>"
19,19,South Carter,4430,230,Carter-Moriah Range,44.2898,-71.1762,Here's where I totally wanted to add some cool extra info about each mountain but didn't want to plagiarize the interwebz.  I've only hiked 15 so far so I'll add more as I check them off in the future!,12.4 miles w/ Middle Carter or 10.2 alone,7:36,10.9,Moderate,"<iframe src=""https://www.google.com/maps/embed?pb=!1m26!1m12!1m3!1d16174.99313984489!2d-71.39924921088735!3d44.22020838416463!2m3!1f0!2f0!3f0!3m2!1i1024!2i768!4f13.1!4m11!3e2!4m3!3m2!1d44.2196199!2d-71.4102882!4m5!1s0x4cb38f6c8855a01f%3A0x42c7cc14aad5ff32!2sMt+Pierce%2C+Bean&#39;s+Grant%2C+NH+03589!3m2!1d44.2264547!2d-71.3659096!5e0!3m2!1sen!2sus!4v1462571697365"" width=""400"" height=""300"" frameborder=""0"" style=""border:0"" allowfullscreen></iframe>"
26,26,South Hancock,4319,1247,Pemigewasset Wilderness,44.073219,-71.487149,Here's where I totally wanted to add some cool extra info about each mountain but didn't want to plagiarize the interwebz.  I've only hiked 15 so far so I'll add more as I check them off in the future!,9.8 miles w/ Hancock,4:08,9.8,Easy/Moderate,"<iframe src=""https://www.google.com/maps/embed?pb=!1m26!1m12!1m3!1d45852.64062250929!2d-71.56451417818084!3d44.08768792165607!2m3!1f0!2f0!3f0!3m2!1i1024!2i768!4f13.1!4m11!3e2!4m3!3m2!1d44.0630382!2d-71.5888252!4m5!1s0x4cb382019be4398b%3A0xb8c88c1ef119c02e!2sMt+Hancock%2C+Lincoln%2C+NH+03251!3m2!1d44.0836782!2d-71.49368849999999!5e0!3m2!1sen!2sus!4v1462571391162"" width=""400"" height=""300"" frameborder=""0"" style=""border:0"" allowfullscreen></iframe>"
22,22,South Kinsman,4358,2240,Kinsman,44.123,-71.7366,Hiked with Cannon and North Kinsman.  Here we saw EPIC sunrise views of the entire Franconia Ridge before heading back to Cannon/home,11.2 miles w/ North Kinsman,7:16,11.2,Difficult,"<iframe src=""https://www.google.com/maps/embed?pb=!1m26!1m12!1m3!1d32401.321136444767!2d-71.74240417637863!3d44.1267004856687!2m3!1f0!2f0!3f0!3m2!1i1024!2i768!4f13.1!4m11!3e2!4m3!3m2!1d44.1430497!2d-71.682677!4m5!1s0x4cb47d81c851924b%3A0x6cb4b3e8615d18a2!2sKinsman+Mountain%2C+Lincoln%2C+NH+03580!3m2!1d44.123!2d-71.736667!5e0!3m2!1sen!2sus!4v1462569900731"" width=""400"" height=""300"" frameborder=""0"" style=""border:0"" allowfullscreen></iframe>"
8,8,South Twin,4902,1522,Twin/Pemigewasset Wilderness,44.1876,-71.5548,Here's where I totally wanted to add some cool extra info about each mountain but didn't want to plagiarize the interwebz.  I've only hiked 15 so far so I'll add more as I check them off in the future!,11 miles w/ North Twin,7:20,11,Moderate,"<iframe src=""https://www.google.com/maps/embed?pb=!1m26!1m12!1m3!1d54405.389248526844!2d-71.59303085616595!3d44.22084225980984!2m3!1f0!2f0!3f0!3m2!1i1024!2i768!4f13.1!4m11!3e2!4m3!3m2!1d44.25662!2d-71.5843586!4m5!1s0x4cb4789427ce7813%3A0x5714b944eed7a762!2sSouth+Twin+Mountain%2C+Franconia%2C+NH!3m2!1d44.187565!2d-71.5548027!5e0!3m2!1sen!2sus!4v1462570129188"" width=""400"" height=""300"" frameborder=""0"" style=""border:0"" allowfullscreen></iframe>"
48,48,Tecumseh,4003,1739,Sandwich,43.9674,-71.5581,"This was an easy up and back, about 5.5 miles.  With snow and ice on the trail we couldn't have done it without our micro spikes… best investment we ever made!  Also practically froze to death at the top…",5.2 miles,7:36,5.2,Easy,"<iframe src=""https://www.google.com/maps/embed?pb=!1m26!1m12!1m3!1d16243.926173713984!2d-71.54894086471465!3d43.968724169479856!2m3!1f0!2f0!3f0!3m2!1i1024!2i768!4f13.1!4m11!3e2!4m3!3m2!1d43.966707199999995!2d-71.5254973!4m5!1s0x4cb37b6fce690fa3%3A0xc791841586970cdd!2sMt+Tecumseh%2C+Waterville+Valley%2C+NH+03285!3m2!1d43.9672911!2d-71.55813289999999!5e0!3m2!1sen!2sus!4v1462571810494"" width=""400"" height=""300"" frameborder=""0"" style=""border:0"" allowfullscreen></iframe>"
39,39,Tom,4051,331,Willey,44.2103,-71.4459,Hiked this one with Field and Willey a really long but rewarding day hike!  Actually descended at Tom and hitchhiked back to the car with the help of some super nice fellow hikers…. Don't tell my mom! ;),11.2 miles w/ Field & Willey,7:28,11.2,Easy/Moderate,"<iframe src=""https://www.google.com/maps/embed?pb=!1m26!1m12!1m3!1d16177.11316827151!2d-71.43687992902721!3d44.21249094587047!2m3!1f0!2f0!3f0!3m2!1i1024!2i768!4f13.1!4m11!3e2!4m3!3m2!1d44.2173394!2d-71.4106524!4m5!1s0x4cb3863b8dbb9f6f%3A0xb65b7114108916a!2sMount+Tom%2C+Bethlehem%2C+NH!3m2!1d44.210343099999996!2d-71.4459112!5e0!3m2!1sen!2sus!4v1462568433116"" width=""400"" height=""300"" frameborder=""0"" style=""border:0"" allowfullscreen></iframe>"
1,1,Washington,6288,6138,Presidential,44.2706,-71.3033,Here's where I totally wanted to add some cool extra info about each mountain but didn't want to plagiarize the interwebz.  I've only hiked 15 so far so I'll add more as I check them off in the future!,10.3 miles w/ Monroe,16:57,9.5,Difficult,"<iframe src=""https://www.google.com/maps/embed?pb=!1m26!1m12!1m3!1d19221.235723957194!2d-71.29420959580774!3d44.26359822847759!2m3!1f0!2f0!3f0!3m2!1i1024!2i768!4f13.1!4m11!3e2!4m3!3m2!1d44.2605028!2d-71.24986!4m5!1s0x4cb38e798f42c3d9%3A0xc3b88e4dac01db12!2sMt+Washington%2C+Sargent&#39;s+Purchase%2C+NH+03846!3m2!1d44.270585399999995!2d-71.3032723!5e0!3m2!1sen!2sus!4v1462571857655"" width=""400"" height=""300"" frameborder=""0"" style=""border:0"" allowfullscreen></iframe>"
46,46,Waumbek,4006,1289,Pliny,44.4328,-71.417,Here's where I totally wanted to add some cool extra info about each mountain but didn't want to plagiarize the interwebz.  I've only hiked 15 so far so I'll add more as I check them off in the future!,7.2 miles,16:57,7.2,Easy,"<iframe src=""https://www.google.com/maps/embed?pb=!1m26!1m12!1m3!1d54228.38729954155!2d-71.45990825026696!3d44.412060271662334!2m3!1f0!2f0!3f0!3m2!1i1024!2i768!4f13.1!4m11!3e2!4m3!3m2!1d44.385153599999995!2d-71.42226169999999!4m5!1s0x4cb40a31590f6e9f%3A0x9e76f3bef6b046eb!2sMt+Waumbek%2C+Kilkenny+Township%2C+NH+03583!3m2!1d44.432837199999994!2d-71.4170244!5e0!3m2!1sen!2sus!4v1462571994274"" width=""400"" height=""300"" frameborder=""0"" style=""border:0"" allowfullscreen></iframe>"
16,16,West Bond,4540,299,Twin/Pemigewasset Wilderness,44.154734,-71.543514,Here's where I totally wanted to add some cool extra info about each mountain but didn't want to plagiarize the interwebz.  I've only hiked 15 so far so I'll add more as I check them off in the future!,22.6 Miles w/ Mt Bond & Bondcliff,3:00,22.6,Moderate/Difficult,"<iframe src=""https://www.google.com/maps/embed?pb=!1m26!1m12!1m3!1d54460.48896358737!2d-71.50596683386152!3d44.161183279570324!2m3!1f0!2f0!3f0!3m2!1i1024!2i768!4f13.1!4m11!3e2!4m3!3m2!1d44.1716993!2d-71.3895144!4m5!1s0x4cb380b7e35388d7%3A0x26343504872f8519!2sMt+Bond%2C+Lincoln%2C+NH+03251!3m2!1d44.152843499999996!2d-71.5311904!5e0!3m2!1sen!2sus!4v1462572054293"" width=""400"" height=""300"" frameborder=""0"" style=""border:0"" allowfullscreen></iframe>"
45,45,Whiteface,4020,591,Sandwich,43.934,-71.4059,Here's where I totally wanted to add some cool extra info about each mountain but didn't want to plagiarize the interwebz.  I've only hiked 15 so far so I'll add more as I check them off in the future!,11.4 miles w/ Passaconaway or 6.8  alone,8:15,11.4,Moderate,"<iframe src=""https://www.google.com/maps/embed?pb=!1m26!1m12!1m3!1d54695.62532050809!2d-71.43997257474601!3d43.905867351406954!2m3!1f0!2f0!3f0!3m2!1i1024!2i768!4f13.1!4m11!3e2!4m3!3m2!1d43.880407899999994!2d-71.400998!4m5!1s0x4cb37194d9328a31%3A0xb336b8cfd94e5e9f!2sMt+Whiteface%2C+Waterville+Valley%2C+NH+03259!3m2!1d43.9339596!2d-71.4059074!5e0!3m2!1sen!2sus!4v1462572120913"" width=""400"" height=""300"" frameborder=""0"" style=""border:0"" allowfullscreen></iframe>"
20,20,"Wildcat, A peak",4422,1034,Carter-Moriah Range,44.258889,-71.201389,Here's where I totally wanted to add some cool extra info about each mountain but didn't want to plagiarize the interwebz.  I've only hiked 15 so far so I'll add more as I check them off in the future!,8.4 miles w/ Wildcat D,8:15,8.4,Moderate/Difficult,"<iframe src=""https://www.google.com/maps/embed?pb=!1m26!1m12!1m3!1d22862.470794728266!2d-71.24508005406224!3d44.252176646871334!2m3!1f0!2f0!3f0!3m2!1i1024!2i768!4f13.1!4m11!3e2!4m3!3m2!1d44.245722699999995!2d-71.2532684!4m5!1s0x4cb393d83fd4b4e7%3A0xff54c9b686ec41f9!2sWildcat+Mountain%2C+Bean&#39;s+Purchase%2C+NH+03846!3m2!1d44.2589548!2d-71.20146249999999!5e0!3m2!1sen!2sus!4v1462572184978"" width=""400"" height=""300"" frameborder=""0"" style=""border:0"" allowfullscreen></iframe>"
40,40,"Wildcat, D Peak",4050,1034,Carter-Moriah Range,44.249433,-71.223766,Here's where I totally wanted to add some cool extra info about each mountain but didn't want to plagiarize the interwebz.  I've only hiked 15 so far so I'll add more as I check them off in the future!,8.4 miles w/ Wildcat A or 4.7 alone,16:57,8.4,Moderate/Difficult,"<iframe src=""https://www.google.com/maps/embed?pb=!1m26!1m12!1m3!1d19225.198302850295!2d-71.24454698016058!3d44.25147742874499!2m3!1f0!2f0!3f0!3m2!1i1024!2i768!4f13.1!4m11!3e2!4m3!3m2!1d44.245853!2d-71.2532337!4m5!1s0x4cb3919d85da5a11%3A0xbe72c17f1a0bb498!2sWildcat+%22D%22%2C+Bean&#39;s+Purchase%2C+NH+03846!3m2!1d44.249166599999995!2d-71.2236111!5e0!3m2!1sen!2sus!4v1462572253892"" width=""400"" height=""300"" frameborder=""0"" style=""border:0"" allowfullscreen></iframe>"
29,29,Willey,4285,256,Willey,44.1837,-71.4215,"Peak bagged this one with Tom and Field.  At the top of this mountain, the birds wait for hikers and actually eat the trail mix right out of your hand! Makes for some epic pictures",11.2 miles w/ Field & Tom or 5.4 alone,6:18,11.2,Easy/Moderate,"<iframe src=""https://www.google.com/maps/embed?pb=!1m26!1m12!1m3!1d16187.466684587645!2d-71.41943037634331!3d44.174786170898244!2m3!1f0!2f0!3f0!3m2!1i1024!2i768!4f13.1!4m11!3e2!4m3!3m2!1d44.1710753!2d-71.388577!4m5!1s0x4cb385d39dd60e23%3A0x4cea568fc1d97915!2sMt+Willey%2C+Bethlehem%2C+NH+03583!3m2!1d44.1836771!2d-71.4214657!5e0!3m2!1sen!2sus!4v1462568345943"" width=""400"" height=""300"" frameborder=""0"" style=""border:0"" allowfullscreen></iframe>"
31,31,Zealand,4260,246,Twin/Pemigewasset Wilderness,44.1797,-71.5213,Here's where I totally wanted to add some cool extra info about each mountain but didn't want to plagiarize the interwebz.  I've only hiked 15 so far so I'll add more as I check them off in the future!,11.2 miles,6:18,11.2,Moderate,"<iframe src=""https://www.google.com/maps/embed?pb=!1m26!1m12!1m3!1d76954.39917758593!2d-71.59055087898629!3d44.2104652111292!2m3!1f0!2f0!3f0!3m2!1i1024!2i768!4f13.1!4m11!3e2!4m3!3m2!1d44.2566811!2d-71.5841864!4m5!1s0x4cb38769c2913d37%3A0x30b5da5dd6a7ed0!2sMt+Zealand%2C+Lincoln%2C+NH+03251!3m2!1d44.179666999999995!2d-71.521333!5e0!3m2!1sen!2sus!4v1462572441832"" width=""400"" height=""300"" frameborder=""0"" style=""border:0"" allowfullscreen></iframe>"
,,,,,,,,,,,,,
,,,,,,,,,,,,,
,,,,,,,,,,,,,
,,,,,,,,,,,,,
,,,,,,,,,,,,,
,,,,,,,,,,,,,time in hours = (40 minutes * mileage) / 60 minutes
